{
    "1": {
        "difficulty": 0.0005311379630859116,
        "start": -5,
        "finish": -78,
        "buttons": [
            "7",
            "2",
            "1",
            "-",
            "*"
        ]
    },
    "2": {
        "difficulty": 0.00011285407967498025,
        "start": -4,
        "finish": 80,
        "buttons": [
            "3",
            "7",
            "0",
            "8",
            "2",
            "+",
            "-",
            "*",
            "*(-1)"
        ]
    },
    "3": {
        "difficulty": 0.00010637166258908626,
        "start": -7,
        "finish": 43,
        "buttons": [
            "6",
            "4",
            "9",
            "8",
            "5",
            "3",
            "*(-1)",
            "-",
            "+",
            "/"
        ]
    }
}