{"1": {"difficulty": 0.012608865202131808, "start": 37, "finish": 37, "buttons": ["2", "0", "4", "3", "-", "/", "*(-1)", "+"]}, "2": {"difficulty": 0.007727320842595533, "start": -88, "finish": -88, "buttons": ["8", "5", "7", "2", "-", "+", "*(-1)"]}, "3": {"difficulty": 0.0006965174129353234, "start": -76, "finish": 96, "buttons": ["8", "1", "9", "/", "*(-1)", "+"]}, "4": {"difficulty": 0.0005572893446277307, "start": -90, "finish": 88, "buttons": ["8", "5", "1", "3", "2", "9", "4", "7", "6", "*", "+", "-", "*(-1)", "/"]}, "5": {"difficulty": 0.00013361838588989844, "start": -33, "finish": -67, "buttons": ["4", "3", "6", "9", "5", "1", "7", "2", "/", "+"]}}