{
    "1": {
        "difficulty": 0.0021987686895338612,
        "start": -83,
        "finish": -81,
        "buttons": [
            "2",
            "8",
            "9",
            "1",
            "6",
            "0",
            "7",
            "4",
            "/",
            "+",
            "-"
        ]
    },
    "2": {
        "difficulty": 0.000591715976331361,
        "start": 69,
        "finish": -66,
        "buttons": [
            "8",
            "5",
            "3",
            "9",
            "0",
            "1",
            "2",
            "7",
            "4",
            "6",
            "-",
            "+",
            "*",
            "/",
            "*(-1)"
        ]
    },
    "3": {
        "difficulty": 0.00026838432635534085,
        "start": 16,
        "finish": 42,
        "buttons": [
            "3",
            "5",
            "9",
            "1",
            "2",
            "0",
            "6",
            "7",
            "4",
            "-"
        ]
    },
    "4": {
        "difficulty": 0.00012410027302060066,
        "start": -57,
        "finish": 65,
        "buttons": [
            "2",
            "5",
            "4",
            "0",
            "*",
            "/",
            "*(-1)",
            "-"
        ]
    },
    "5": {
        "difficulty": 0.00011900511722004047,
        "start": 84,
        "finish": -1,
        "buttons": [
            "8",
            "4",
            "6",
            "5",
            "3",
            "9",
            "7",
            "0",
            "2",
            "1",
            "*(-1)",
            "+",
            "/",
            "*",
            "-"
        ]
    }
}